<?xml version="1.0" encoding="UTF-8" standalone="yes"?>
<addon id="plugin.video.umbrella" name="Umbrella" version="6.7.47" provider-name="Umbrella">
    <requires>
        <import addon="xbmc.python" version="3.0.0"/>
        <import addon="script.module.requests"/>
        <import addon="script.module.routing"/>
        <import addon="script.module.unidecode"/>
    </requires>
    <extension point="xbmc.python.pluginsource" library="default.py">
        <provides>video</provides>
    </extension>
    <extension point="xbmc.addon.metadata">
        <summary lang="en_GB">Umbrella</summary>
        <description lang="en_GB">Umbrella addon for movies and TV shows</description>
        <platform>all</platform>
        <license>GPL-2.0-or-later</license>
        <website>https://github.com/umbrellaplug</website>
        <assets>
            <icon>resources/media/icon.png</icon>
            <fanart>resources/media/fanart.jpg</fanart>
        </assets>
    </extension>
</addon>